customer_id,first_name,last_name,email,region_id,segment,created_at
1,Joshua,Baker,joshua.baker5314@example.com,1,Consumer,2020-03-06
2,Timothy,Sanchez,timothy.sanchez4387@example.com,2,Consumer,2025-04-15
3,Timothy,Wilson,timothy.wilson8180@example.com,7,Enterprise,2023-08-09
4,Stephen,Martinez,stephen.martinez4340@example.com,3,Consumer,2023-02-23
5,Benjamin,Taylor,benjamin.taylor9578@example.com,7,Enterprise,2022-03-28
6,Ryan,Anderson,ryan.anderson2267@example.com,9,Consumer,2024-03-27
7,Michael,Davis,michael.davis2505@example.com,11,Consumer,2023-10-25
8,Eric,Hill,eric.hill1041@example.com,7,Consumer,2022-08-16
9,Heather,Taylor,heather.taylor9065@example.com,1,Corporate,2020-08-22
10,Benjamin,Carter,benjamin.carter4372@example.com,11,Consumer,2021-08-24
11,Deborah,Hernandez,deborah.hernandez7434@example.com,1,Enterprise,2024-11-28
12,Rebecca,Allen,rebecca.allen2928@example.com,9,Enterprise,2024-11-17
13,Ronald,Turner,ronald.turner8318@example.com,10,Consumer,2022-02-04
14,Matthew,Wright,matthew.wright8690@example.com,1,Corporate,2022-09-27
15,Robert,Davis,robert.davis5948@example.com,5,Consumer,2021-05-08
16,William,Garcia,william.garcia7963@example.com,2,Enterprise,2022-12-26
17,Thomas,Rodriguez,thomas.rodriguez7788@example.com,9,Consumer,2022-12-16
18,Eric,Wilson,eric.wilson8836@example.com,12,Corporate,2023-12-31
19,Kathleen,Sanchez,kathleen.sanchez6119@example.com,8,Enterprise,2022-07-13
20,Lisa,Thomas,lisa.thomas3682@example.com,2,Consumer,2023-04-19
21,Samuel,Anderson,samuel.anderson9642@example.com,4,Consumer,2023-12-20
22,Susan,Anderson,susan.anderson1105@example.com,1,Enterprise,2020-05-25
23,Maria,Thomas,maria.thomas4563@example.com,11,Consumer,2023-01-09
24,Thomas,Campbell,thomas.campbell9356@example.com,10,Consumer,2024-05-25
25,Larry,Phillips,larry.phillips6670@example.com,4,Consumer,2023-09-11
26,Deborah,Thompson,deborah.thompson6940@example.com,7,Consumer,2024-02-02
27,Michael,Baker,michael.baker1613@example.com,1,Consumer,2021-11-25
28,Karen,Thomas,karen.thomas3140@example.com,4,Corporate,2020-10-14
29,Eric,Lopez,eric.lopez4564@example.com,8,Consumer,2025-03-05
30,Jessica,Lewis,jessica.lewis9017@example.com,2,Consumer,2023-01-12
31,Mary,Garcia,mary.garcia3873@example.com,3,Consumer,2022-09-12
32,Melissa,Sanchez,melissa.sanchez961@example.com,3,Consumer,2022-03-10
33,Rebecca,Gomez,rebecca.gomez7455@example.com,5,Consumer,2025-05-14
34,Ruth,Nelson,ruth.nelson7974@example.com,3,Consumer,2021-03-21
35,Susan,Nguyen,susan.nguyen8884@example.com,1,Corporate,2020-04-27
36,Michael,Nguyen,michael.nguyen7812@example.com,9,Enterprise,2022-12-23
37,Matthew,Brown,matthew.brown8321@example.com,2,Enterprise,2020-05-20
38,David,Baker,david.baker3854@example.com,7,Consumer,2024-12-28
39,Laura,Nguyen,laura.nguyen9741@example.com,1,Corporate,2022-05-08
40,Brandon,Lee,brandon.lee4273@example.com,4,Corporate,2021-10-05
41,Kevin,Taylor,kevin.taylor6485@example.com,3,Corporate,2021-09-06
42,Stephen,Lee,stephen.lee1189@example.com,1,Consumer,2023-02-27
43,Richard,Jones,richard.jones8809@example.com,4,Corporate,2020-09-28
44,Jeffrey,Jones,jeffrey.jones4003@example.com,6,Consumer,2022-06-16
45,Diane,Rivera,diane.rivera4957@example.com,10,Enterprise,2024-07-10
46,Heather,Smith,heather.smith9087@example.com,5,Enterprise,2020-07-31
47,Nancy,Taylor,nancy.taylor1892@example.com,2,Corporate,2020-11-14
48,George,Jackson,george.jackson9910@example.com,4,Corporate,2021-02-20
49,Rebecca,Allen,rebecca.allen8005@example.com,5,Enterprise,2024-09-28
50,Michael,Garcia,michael.garcia6940@example.com,5,Consumer,2021-11-14
51,Thomas,Green,thomas.green4292@example.com,3,Corporate,2023-02-03
52,Eric,Scott,eric.scott159@example.com,2,Consumer,2024-12-13
53,Betty,Wright,betty.wright591@example.com,6,Corporate,2020-10-30
54,Deborah,Rodriguez,deborah.rodriguez686@example.com,5,Consumer,2025-03-25
55,Barbara,Thompson,barbara.thompson3442@example.com,11,Consumer,2020-07-29
56,Brenda,Roberts,brenda.roberts9174@example.com,7,Enterprise,2024-03-14
57,Betty,Thomas,betty.thomas2663@example.com,3,Enterprise,2020-02-20
58,Anthony,Mitchell,anthony.mitchell5443@example.com,7,Corporate,2024-11-04
59,Laura,Moore,laura.moore2609@example.com,12,Consumer,2024-11-21
60,John,Diaz,john.diaz7712@example.com,4,Consumer,2025-02-23
61,Stephen,Thompson,stephen.thompson5001@example.com,4,Consumer,2023-09-13
62,Mark,Sanchez,mark.sanchez5379@example.com,5,Enterprise,2024-05-02
63,Sharon,Thompson,sharon.thompson8347@example.com,7,Corporate,2024-09-23
64,Benjamin,Perez,benjamin.perez453@example.com,2,Enterprise,2021-06-18
65,Anthony,Nguyen,anthony.nguyen4350@example.com,1,Consumer,2022-06-08
66,Jeffrey,Campbell,jeffrey.campbell5140@example.com,7,Corporate,2022-11-13
67,Joseph,Harris,joseph.harris9447@example.com,4,Consumer,2023-12-22
68,Deborah,Smith,deborah.smith8519@example.com,9,Corporate,2025-04-09
69,Amanda,White,amanda.white7067@example.com,2,Enterprise,2025-02-28
70,Jason,Flores,jason.flores5144@example.com,11,Corporate,2024-01-14
71,Ronald,Allen,ronald.allen5068@example.com,11,Consumer,2022-04-04
72,Cynthia,Scott,cynthia.scott2086@example.com,4,Consumer,2025-04-09
73,Jacob,Baker,jacob.baker2852@example.com,10,Corporate,2022-04-11
74,Samuel,Turner,samuel.turner7@example.com,5,Consumer,2022-05-30
75,Amy,Robinson,amy.robinson7239@example.com,8,Corporate,2022-11-12
76,Larry,Gomez,larry.gomez2781@example.com,11,Consumer,2022-11-21
77,Jason,Garcia,jason.garcia3849@example.com,11,Consumer,2024-07-09
78,Amanda,Martinez,amanda.martinez401@example.com,1,Consumer,2022-08-31
79,Jessica,Robinson,jessica.robinson6791@example.com,11,Corporate,2024-01-11
80,Samantha,Young,samantha.young6548@example.com,4,Consumer,2023-11-09
81,James,Carter,james.carter1747@example.com,7,Consumer,2024-07-04
82,Brandon,Robinson,brandon.robinson823@example.com,9,Consumer,2024-10-03
83,Lisa,Robinson,lisa.robinson2185@example.com,8,Corporate,2023-02-18
84,Timothy,Carter,timothy.carter7252@example.com,10,Corporate,2024-12-31
85,Scott,Ramirez,scott.ramirez8977@example.com,8,Enterprise,2024-03-03
86,Larry,Lewis,larry.lewis4247@example.com,4,Corporate,2021-07-21
87,Brandon,Young,brandon.young3920@example.com,5,Consumer,2024-01-01
88,Edward,Thomas,edward.thomas4452@example.com,6,Consumer,2023-01-11
89,William,Rodriguez,william.rodriguez2472@example.com,4,Consumer,2020-11-08
90,Melissa,Jones,melissa.jones6798@example.com,7,Consumer,2022-08-12
91,Christine,Brown,christine.brown3389@example.com,7,Consumer,2024-04-25
92,Robert,Diaz,robert.diaz9433@example.com,7,Consumer,2025-04-14
93,Brenda,Martin,brenda.martin6390@example.com,7,Corporate,2024-02-13
94,Diane,Phillips,diane.phillips9884@example.com,4,Consumer,2021-07-12
95,Deborah,Young,deborah.young476@example.com,7,Consumer,2023-10-22
96,Katherine,Campbell,katherine.campbell2705@example.com,8,Enterprise,2023-06-28
97,Benjamin,Johnson,benjamin.johnson6456@example.com,10,Corporate,2020-02-25
98,William,Adams,william.adams7023@example.com,3,Enterprise,2021-01-07
99,Michael,Taylor,michael.taylor6212@example.com,6,Consumer,2021-10-31
100,Angela,Carter,angela.carter6212@example.com,5,Corporate,2024-08-30
101,Christine,Taylor,christine.taylor1342@example.com,8,Consumer,2023-01-09
102,Michael,Thompson,michael.thompson3674@example.com,11,Consumer,2025-05-14
103,Barbara,Carter,barbara.carter509@example.com,4,Consumer,2020-02-11
104,Betty,Thomas,betty.thomas2069@example.com,8,Corporate,2023-03-01
105,Melissa,Robinson,melissa.robinson4199@example.com,6,Consumer,2023-05-28
106,Joseph,Roberts,joseph.roberts2684@example.com,5,Consumer,2020-02-22
107,Kathleen,Torres,kathleen.torres6150@example.com,7,Enterprise,2021-02-10
108,Jessica,Nguyen,jessica.nguyen3979@example.com,2,Corporate,2021-09-09
109,Lisa,Gomez,lisa.gomez9273@example.com,1,Consumer,2022-05-27
110,Anna,Jones,anna.jones8290@example.com,11,Consumer,2024-10-05
111,Christine,Evans,christine.evans8032@example.com,2,Consumer,2022-01-11
112,Stephen,Rivera,stephen.rivera2507@example.com,7,Consumer,2022-12-04
113,George,Flores,george.flores8818@example.com,8,Consumer,2024-08-18
114,George,Lee,george.lee4023@example.com,2,Consumer,2022-07-12
115,Laura,Carter,laura.carter7614@example.com,10,Corporate,2022-02-15
116,Angela,Johnson,angela.johnson8099@example.com,6,Consumer,2021-03-10
117,Brenda,Phillips,brenda.phillips4233@example.com,6,Consumer,2023-05-05
118,Sharon,Scott,sharon.scott167@example.com,9,Enterprise,2020-06-24
119,Kevin,Campbell,kevin.campbell6659@example.com,8,Corporate,2021-05-07
120,Larry,Adams,larry.adams8042@example.com,8,Corporate,2020-07-09
121,Cynthia,Anderson,cynthia.anderson6626@example.com,12,Consumer,2023-09-21
122,Anna,Walker,anna.walker9069@example.com,9,Consumer,2024-03-07
123,Samuel,Perez,samuel.perez5765@example.com,12,Consumer,2021-09-19
124,Brian,Anderson,brian.anderson1977@example.com,12,Consumer,2020-09-01
125,Benjamin,Carter,benjamin.carter3034@example.com,4,Consumer,2022-09-18
126,Sharon,Campbell,sharon.campbell9660@example.com,9,Corporate,2020-07-24
127,Mark,Jackson,mark.jackson3728@example.com,6,Consumer,2020-01-29
128,Benjamin,Rodriguez,benjamin.rodriguez4495@example.com,1,Enterprise,2023-02-07
129,Cynthia,Hall,cynthia.hall2069@example.com,11,Enterprise,2022-10-02
130,Karen,Smith,karen.smith9406@example.com,5,Consumer,2022-06-21
131,Angela,Lopez,angela.lopez842@example.com,5,Enterprise,2022-09-05
132,Joseph,Evans,joseph.evans1071@example.com,7,Consumer,2023-03-27
133,Michael,Martinez,michael.martinez2445@example.com,10,Enterprise,2020-06-23
134,Laura,Davis,laura.davis9144@example.com,7,Corporate,2024-06-07
135,Joshua,Roberts,joshua.roberts8562@example.com,7,Consumer,2022-06-25
136,Ronald,Nguyen,ronald.nguyen7026@example.com,5,Corporate,2020-05-03
137,Richard,Carter,richard.carter3405@example.com,11,Consumer,2023-09-14
138,William,Hernandez,william.hernandez3930@example.com,3,Corporate,2020-11-16
139,James,Clark,james.clark7382@example.com,12,Corporate,2021-08-19
140,John,Anderson,john.anderson4721@example.com,12,Consumer,2024-10-26
141,Stephen,Jones,stephen.jones3825@example.com,5,Corporate,2023-07-04
142,Amanda,Ramirez,amanda.ramirez1881@example.com,9,Consumer,2020-11-01
143,George,Evans,george.evans2331@example.com,2,Consumer,2024-06-11
144,Kathleen,Hill,kathleen.hill9326@example.com,5,Consumer,2022-08-17
145,Ronald,Hall,ronald.hall6595@example.com,5,Corporate,2022-10-08
146,Jonathan,Garcia,jonathan.garcia9799@example.com,1,Enterprise,2024-02-13
147,Amy,Hill,amy.hill4103@example.com,1,Consumer,2025-05-23
148,Robert,Carter,robert.carter4416@example.com,10,Consumer,2024-03-28
149,Anthony,Walker,anthony.walker8503@example.com,11,Consumer,2021-07-23
150,Olivia,Nguyen,olivia.nguyen7142@example.com,11,Corporate,2020-07-05
151,Larry,Thompson,larry.thompson6691@example.com,6,Consumer,2020-08-02
152,Matthew,Perez,matthew.perez6745@example.com,12,Consumer,2023-09-18
153,Katherine,Evans,katherine.evans9013@example.com,1,Consumer,2021-10-06
154,Brian,Lee,brian.lee1900@example.com,7,Enterprise,2024-08-16
155,James,Nelson,james.nelson8890@example.com,8,Consumer,2021-01-19
156,Brandon,White,brandon.white8168@example.com,11,Consumer,2020-04-15
157,Andrew,Moore,andrew.moore8999@example.com,3,Enterprise,2022-06-16
158,Justin,Davis,justin.davis473@example.com,11,Corporate,2021-05-05
159,Matthew,Martin,matthew.martin9025@example.com,1,Corporate,2020-07-09
160,Joshua,Turner,joshua.turner1859@example.com,8,Enterprise,2023-08-19
161,Betty,Young,betty.young4782@example.com,9,Corporate,2022-04-30
162,Janet,Walker,janet.walker3994@example.com,8,Corporate,2022-02-24
163,Mark,Hill,mark.hill8328@example.com,12,Enterprise,2024-11-04
164,David,Moore,david.moore6799@example.com,6,Enterprise,2022-11-05
165,George,Evans,george.evans43@example.com,5,Corporate,2024-09-11
166,Justin,Martinez,justin.martinez7317@example.com,9,Consumer,2021-11-11
167,Samuel,Carter,samuel.carter8904@example.com,7,Consumer,2021-10-21
168,Mark,Hall,mark.hall3913@example.com,10,Consumer,2024-10-19
169,Nicholas,Williams,nicholas.williams5214@example.com,12,Consumer,2025-02-13
170,Jacob,Harris,jacob.harris2493@example.com,8,Enterprise,2020-09-15
171,Scott,Nguyen,scott.nguyen5440@example.com,2,Enterprise,2022-06-20
172,Richard,King,richard.king7487@example.com,1,Corporate,2022-04-19
173,Betty,Jones,betty.jones7693@example.com,5,Consumer,2023-11-19
174,Gary,Adams,gary.adams1316@example.com,6,Enterprise,2024-10-25
175,Benjamin,Harris,benjamin.harris5189@example.com,11,Corporate,2024-04-04
176,Justin,Wright,justin.wright589@example.com,10,Consumer,2023-07-16
177,Edward,Anderson,edward.anderson1481@example.com,7,Enterprise,2024-04-06
178,Richard,Lewis,richard.lewis2726@example.com,12,Consumer,2020-02-29
179,Barbara,Lee,barbara.lee920@example.com,5,Consumer,2022-06-01
180,Daniel,Thomas,daniel.thomas8703@example.com,7,Corporate,2024-06-11
181,Olivia,Hernandez,olivia.hernandez2869@example.com,2,Corporate,2022-02-22
182,Kevin,Young,kevin.young9555@example.com,3,Consumer,2023-07-30
183,Brian,Robinson,brian.robinson4184@example.com,11,Consumer,2024-07-05
184,Carolyn,Jackson,carolyn.jackson8956@example.com,3,Consumer,2025-04-19
185,Jeffrey,Nguyen,jeffrey.nguyen4902@example.com,11,Enterprise,2023-11-14
186,Brian,Robinson,brian.robinson4950@example.com,4,Enterprise,2024-10-13
187,Janet,Miller,janet.miller3887@example.com,7,Corporate,2023-03-23
188,Cynthia,Hall,cynthia.hall4838@example.com,1,Enterprise,2023-09-10
189,Gary,Moore,gary.moore133@example.com,10,Enterprise,2024-05-12
190,Michael,Hill,michael.hill8139@example.com,5,Corporate,2021-04-16
191,Brenda,Anderson,brenda.anderson3116@example.com,10,Consumer,2024-03-27
192,Nancy,Green,nancy.green1592@example.com,11,Corporate,2021-09-24
193,Jonathan,Williams,jonathan.williams9496@example.com,6,Corporate,2020-07-03
194,Cynthia,Lee,cynthia.lee6808@example.com,3,Consumer,2024-05-29
195,Diane,White,diane.white8698@example.com,9,Enterprise,2024-08-27
196,Emily,Taylor,emily.taylor7895@example.com,5,Corporate,2021-11-24
197,Joseph,Robinson,joseph.robinson1234@example.com,3,Corporate,2021-04-07
198,Gary,Diaz,gary.diaz9132@example.com,6,Consumer,2022-03-19
199,Mary,Taylor,mary.taylor8792@example.com,2,Consumer,2023-10-09
200,Rebecca,Nguyen,rebecca.nguyen6243@example.com,11,Enterprise,2020-08-09
201,Stephanie,Walker,stephanie.walker411@example.com,10,Enterprise,2023-02-23
202,Amy,Flores,amy.flores3627@example.com,11,Consumer,2024-08-14
203,Carolyn,Hall,carolyn.hall4952@example.com,11,Consumer,2020-10-13
204,Barbara,Williams,barbara.williams4987@example.com,8,Consumer,2021-04-25
205,Benjamin,Rodriguez,benjamin.rodriguez6368@example.com,8,Consumer,2025-04-28
206,Diane,Clark,diane.clark9623@example.com,12,Corporate,2024-12-18
207,Christine,Adams,christine.adams1623@example.com,8,Corporate,2025-04-07
208,Sharon,Williams,sharon.williams6071@example.com,4,Consumer,2025-04-30
209,Kevin,Diaz,kevin.diaz5943@example.com,2,Enterprise,2022-01-22
210,Diane,Adams,diane.adams5877@example.com,1,Consumer,2021-01-23
211,Lisa,Diaz,lisa.diaz7451@example.com,2,Corporate,2023-08-07
212,Robert,Brown,robert.brown5465@example.com,4,Enterprise,2024-05-30
213,Andrew,Jones,andrew.jones9081@example.com,4,Corporate,2024-07-23
214,Stephanie,Perez,stephanie.perez2418@example.com,10,Consumer,2024-10-24
215,Daniel,Rodriguez,daniel.rodriguez8851@example.com,5,Corporate,2020-08-13
216,Linda,Rodriguez,linda.rodriguez244@example.com,6,Corporate,2021-05-02
217,Amy,Johnson,amy.johnson2855@example.com,5,Consumer,2024-02-28
218,Christine,King,christine.king1863@example.com,12,Consumer,2022-07-07
219,Ryan,Allen,ryan.allen9727@example.com,2,Consumer,2021-03-29
220,Barbara,Campbell,barbara.campbell8544@example.com,5,Consumer,2025-05-28
221,Linda,Brown,linda.brown7848@example.com,7,Consumer,2020-08-09
222,Justin,Rivera,justin.rivera7268@example.com,2,Enterprise,2021-10-21
223,Daniel,Jones,daniel.jones2068@example.com,5,Corporate,2023-04-13
224,Samuel,Rivera,samuel.rivera5328@example.com,7,Enterprise,2022-12-22
225,Cynthia,Robinson,cynthia.robinson8283@example.com,10,Consumer,2024-06-12
226,Joseph,Diaz,joseph.diaz9034@example.com,12,Enterprise,2022-05-30
227,Rachel,Anderson,rachel.anderson6780@example.com,6,Corporate,2022-03-27
228,Christine,Campbell,christine.campbell1558@example.com,6,Consumer,2023-09-24
229,Brian,White,brian.white2501@example.com,11,Enterprise,2020-05-17
230,Sarah,Turner,sarah.turner1399@example.com,2,Consumer,2024-03-04
231,Anna,Phillips,anna.phillips2132@example.com,9,Consumer,2025-05-13
232,Ruth,Scott,ruth.scott5401@example.com,11,Consumer,2021-12-25
233,Eric,Campbell,eric.campbell843@example.com,5,Corporate,2021-12-21
234,Karen,Torres,karen.torres8314@example.com,4,Consumer,2022-09-14
235,Joshua,Diaz,joshua.diaz1774@example.com,6,Corporate,2022-01-22
236,Joseph,Carter,joseph.carter4565@example.com,10,Consumer,2022-05-28
237,Ruth,Roberts,ruth.roberts9122@example.com,1,Corporate,2023-09-09
238,George,Johnson,george.johnson2956@example.com,5,Corporate,2021-09-24
239,Angela,Thompson,angela.thompson101@example.com,3,Enterprise,2023-03-05
240,Katherine,Jones,katherine.jones2325@example.com,12,Corporate,2020-03-03
241,Sarah,Mitchell,sarah.mitchell8692@example.com,4,Consumer,2022-07-18
242,Angela,Hernandez,angela.hernandez6063@example.com,5,Corporate,2024-05-09
243,William,Brown,william.brown2550@example.com,3,Corporate,2020-04-11
244,William,Moore,william.moore7260@example.com,11,Consumer,2023-05-28
245,Jonathan,Clark,jonathan.clark4476@example.com,4,Corporate,2020-08-21
246,Jeffrey,Ramirez,jeffrey.ramirez1817@example.com,5,Corporate,2023-04-29
247,Justin,King,justin.king5054@example.com,1,Consumer,2023-05-12
248,Susan,Smith,susan.smith3350@example.com,5,Enterprise,2024-04-20
249,Nancy,Carter,nancy.carter4187@example.com,5,Consumer,2020-01-16
250,Catherine,Mitchell,catherine.mitchell7056@example.com,3,Consumer,2022-12-26
251,Stephanie,Allen,stephanie.allen9155@example.com,11,Corporate,2020-05-27
252,Gary,Mitchell,gary.mitchell694@example.com,7,Consumer,2025-03-01
253,Jessica,Lee,jessica.lee9434@example.com,7,Corporate,2023-12-24
254,Christine,Jackson,christine.jackson1888@example.com,7,Consumer,2021-10-27
255,Emily,Phillips,emily.phillips7539@example.com,12,Enterprise,2020-06-29
256,Deborah,Diaz,deborah.diaz1735@example.com,4,Consumer,2022-03-31
257,Heather,Garcia,heather.garcia6485@example.com,5,Corporate,2021-03-29
258,Jason,Roberts,jason.roberts2755@example.com,2,Corporate,2020-08-21
259,Heather,Allen,heather.allen3177@example.com,6,Consumer,2025-05-16
260,Daniel,Thomas,daniel.thomas1685@example.com,3,Consumer,2020-12-21
261,Betty,Carter,betty.carter1235@example.com,3,Enterprise,2023-07-10
262,Catherine,Robinson,catherine.robinson9237@example.com,10,Consumer,2025-03-07
263,Amy,Green,amy.green5180@example.com,3,Consumer,2022-08-18
264,Jonathan,Green,jonathan.green4962@example.com,5,Corporate,2021-12-21
265,Scott,Jones,scott.jones5086@example.com,8,Consumer,2020-04-26
266,Anna,Turner,anna.turner4704@example.com,2,Corporate,2024-10-17
267,Sarah,Flores,sarah.flores9734@example.com,9,Consumer,2023-04-03
268,Samuel,Gomez,samuel.gomez673@example.com,8,Enterprise,2023-03-16
269,Mark,Lee,mark.lee9913@example.com,8,Corporate,2025-05-15
270,Susan,Lewis,susan.lewis1696@example.com,6,Enterprise,2020-06-21
271,Scott,Adams,scott.adams2828@example.com,1,Consumer,2022-06-15
272,Jonathan,King,jonathan.king8565@example.com,10,Consumer,2022-02-02
273,Edward,Harris,edward.harris6698@example.com,6,Corporate,2020-04-17
274,Jason,Jones,jason.jones5402@example.com,2,Corporate,2022-03-02
275,Edward,Taylor,edward.taylor9875@example.com,3,Consumer,2023-04-08
276,Daniel,Thompson,daniel.thompson5083@example.com,11,Corporate,2022-03-13
277,Thomas,Hill,thomas.hill1389@example.com,5,Corporate,2023-08-10
278,Jason,Evans,jason.evans2094@example.com,11,Corporate,2025-04-23
279,Heather,Garcia,heather.garcia6938@example.com,9,Consumer,2022-01-12
280,Kathleen,Lopez,kathleen.lopez3510@example.com,6,Enterprise,2022-09-22
281,Mark,Anderson,mark.anderson2254@example.com,3,Consumer,2024-09-25
282,Richard,Allen,richard.allen8844@example.com,12,Enterprise,2020-03-18
283,Angela,Roberts,angela.roberts2148@example.com,10,Consumer,2020-11-28
284,Olivia,Turner,olivia.turner2713@example.com,12,Consumer,2022-04-21
285,Ryan,Baker,ryan.baker3892@example.com,8,Corporate,2024-03-20
286,Rachel,Anderson,rachel.anderson8750@example.com,4,Consumer,2024-07-14
287,Larry,Turner,larry.turner3179@example.com,6,Corporate,2023-03-14
288,Jonathan,Robinson,jonathan.robinson4617@example.com,7,Corporate,2022-05-07
289,Matthew,Evans,matthew.evans3272@example.com,10,Consumer,2021-05-27
290,Michael,Adams,michael.adams7874@example.com,6,Corporate,2020-07-29
291,Brandon,Diaz,brandon.diaz2043@example.com,5,Consumer,2020-11-24
292,George,Lewis,george.lewis8411@example.com,3,Corporate,2020-07-06
293,Joshua,Evans,joshua.evans7392@example.com,6,Enterprise,2022-04-29
294,Michael,Sanchez,michael.sanchez8225@example.com,6,Consumer,2020-06-16
295,Anna,Anderson,anna.anderson462@example.com,6,Enterprise,2024-09-14
296,Jason,Gomez,jason.gomez2393@example.com,3,Consumer,2025-02-21
297,Larry,Hall,larry.hall2274@example.com,12,Consumer,2023-06-14
298,James,Garcia,james.garcia312@example.com,5,Consumer,2020-11-02
299,Samuel,Campbell,samuel.campbell9976@example.com,9,Consumer,2024-05-08
300,Edward,Thomas,edward.thomas4935@example.com,2,Consumer,2022-05-09
301,Stephen,Jones,stephen.jones1817@example.com,8,Corporate,2020-02-03
302,Maria,Torres,maria.torres3964@example.com,12,Consumer,2022-05-29
303,James,Flores,james.flores5781@example.com,4,Corporate,2021-01-18
304,William,King,william.king5909@example.com,2,Enterprise,2023-01-19
305,Scott,Gomez,scott.gomez8317@example.com,9,Consumer,2024-11-23
306,Larry,Williams,larry.williams6339@example.com,6,Consumer,2020-02-03
307,Brenda,Gomez,brenda.gomez1107@example.com,6,Consumer,2023-09-07
308,Karen,Roberts,karen.roberts9534@example.com,12,Corporate,2020-09-30
309,Barbara,Thompson,barbara.thompson8946@example.com,6,Corporate,2020-12-24
310,Carolyn,Hall,carolyn.hall7841@example.com,11,Consumer,2020-10-03
311,David,Rivera,david.rivera7499@example.com,1,Consumer,2020-03-30
312,Amanda,Williams,amanda.williams5171@example.com,5,Corporate,2024-07-27
313,Diane,Walker,diane.walker4151@example.com,1,Corporate,2021-01-26
314,Edward,Thompson,edward.thompson784@example.com,11,Consumer,2020-09-11
315,Anna,Ramirez,anna.ramirez6554@example.com,12,Consumer,2025-05-12
316,Samantha,Perez,samantha.perez3061@example.com,8,Corporate,2022-01-22
317,Brandon,Moore,brandon.moore1354@example.com,12,Consumer,2022-05-31
318,Olivia,Wright,olivia.wright4814@example.com,6,Consumer,2021-11-02
319,Cynthia,Martin,cynthia.martin7306@example.com,10,Corporate,2020-12-07
320,Jonathan,Thompson,jonathan.thompson7326@example.com,1,Corporate,2025-02-09
321,Brenda,Flores,brenda.flores7127@example.com,5,Corporate,2024-06-08
322,Susan,Jones,susan.jones6656@example.com,6,Corporate,2024-03-15
323,Matthew,Johnson,matthew.johnson2340@example.com,10,Corporate,2022-06-16
324,John,Rodriguez,john.rodriguez1102@example.com,4,Corporate,2022-01-20
325,Ryan,Harris,ryan.harris9294@example.com,1,Corporate,2023-10-22
326,Rachel,White,rachel.white6096@example.com,8,Corporate,2023-03-21
327,Nancy,King,nancy.king6013@example.com,7,Consumer,2021-07-24
328,Laura,Davis,laura.davis425@example.com,12,Consumer,2022-11-26
329,Samantha,Scott,samantha.scott1930@example.com,5,Corporate,2023-12-12
330,Rachel,Wilson,rachel.wilson4679@example.com,12,Enterprise,2022-10-02
331,Amanda,Davis,amanda.davis2224@example.com,2,Consumer,2025-01-14
332,Jonathan,Garcia,jonathan.garcia5237@example.com,11,Consumer,2020-05-12
333,Samuel,Wright,samuel.wright4758@example.com,5,Enterprise,2023-12-28
334,Anthony,Gomez,anthony.gomez5923@example.com,9,Consumer,2021-02-15
335,Nancy,Thomas,nancy.thomas8095@example.com,1,Consumer,2023-03-18
336,Anna,Robinson,anna.robinson9039@example.com,3,Corporate,2020-06-25
337,David,Martin,david.martin6524@example.com,12,Corporate,2022-12-12
338,Nicholas,Roberts,nicholas.roberts6709@example.com,10,Consumer,2021-10-11
339,Jessica,Lewis,jessica.lewis7633@example.com,11,Corporate,2020-09-19
340,Samuel,Green,samuel.green9631@example.com,3,Corporate,2020-09-21
341,Deborah,Allen,deborah.allen908@example.com,2,Corporate,2021-09-14
342,Emily,Hernandez,emily.hernandez5287@example.com,12,Consumer,2025-04-24
343,Brandon,Jackson,brandon.jackson1293@example.com,5,Consumer,2025-05-12
344,Samuel,Moore,samuel.moore2051@example.com,11,Consumer,2022-12-28
345,Sarah,Allen,sarah.allen2763@example.com,10,Enterprise,2020-11-11
346,Emily,Nelson,emily.nelson9915@example.com,6,Corporate,2023-02-28
347,Barbara,Evans,barbara.evans465@example.com,2,Consumer,2023-08-06
348,Rebecca,Adams,rebecca.adams3454@example.com,10,Consumer,2023-08-01
349,Linda,Young,linda.young8939@example.com,5,Corporate,2021-09-10
350,Janet,Thomas,janet.thomas6654@example.com,5,Consumer,2023-11-11
351,Susan,Hernandez,susan.hernandez7203@example.com,7,Consumer,2021-02-21
352,Angela,Hill,angela.hill2354@example.com,6,Enterprise,2021-10-15
353,Jeffrey,Sanchez,jeffrey.sanchez2143@example.com,6,Corporate,2020-08-05
354,Timothy,Thomas,timothy.thomas7643@example.com,2,Consumer,2021-05-22
355,Daniel,Miller,daniel.miller830@example.com,5,Enterprise,2024-11-04
356,Christine,Thomas,christine.thomas2617@example.com,6,Enterprise,2024-01-16
357,Timothy,Gonzalez,timothy.gonzalez2611@example.com,8,Enterprise,2022-08-14
358,Catherine,Martin,catherine.martin8149@example.com,1,Consumer,2022-03-16
359,Scott,Robinson,scott.robinson3945@example.com,4,Corporate,2020-04-09
360,Michael,Jackson,michael.jackson8109@example.com,10,Enterprise,2023-09-01
361,Larry,Jackson,larry.jackson8794@example.com,1,Corporate,2022-06-01
362,Nancy,Taylor,nancy.taylor5993@example.com,7,Consumer,2022-03-31
363,Michael,Torres,michael.torres9205@example.com,4,Consumer,2021-08-14
364,Jessica,Harris,jessica.harris8262@example.com,8,Corporate,2021-07-26
365,Lisa,Rodriguez,lisa.rodriguez1585@example.com,7,Consumer,2021-11-25
366,Ruth,White,ruth.white2364@example.com,4,Corporate,2022-04-02
367,Scott,Williams,scott.williams743@example.com,1,Consumer,2021-11-13
368,Larry,King,larry.king7488@example.com,3,Corporate,2022-11-21
369,Nancy,Lee,nancy.lee5219@example.com,3,Consumer,2023-06-16
370,Ronald,Nguyen,ronald.nguyen5512@example.com,9,Corporate,2022-12-26
371,Justin,Rivera,justin.rivera9223@example.com,5,Consumer,2020-02-04
372,Anna,Perez,anna.perez1796@example.com,7,Corporate,2024-06-19
373,Linda,Hill,linda.hill7776@example.com,5,Enterprise,2024-05-22
374,Stephanie,Campbell,stephanie.campbell842@example.com,10,Consumer,2022-12-09
375,Jacob,Martinez,jacob.martinez3969@example.com,1,Corporate,2023-12-05
376,Joseph,Gonzalez,joseph.gonzalez311@example.com,8,Consumer,2020-11-06
377,Nicholas,Hall,nicholas.hall3341@example.com,7,Corporate,2023-06-06
378,Larry,Diaz,larry.diaz1021@example.com,12,Consumer,2021-02-28
379,Ruth,Lee,ruth.lee7838@example.com,9,Consumer,2025-05-13
380,Anthony,Robinson,anthony.robinson8735@example.com,6,Corporate,2023-10-16
381,Rebecca,Flores,rebecca.flores7933@example.com,4,Enterprise,2021-07-25
382,Ruth,Martin,ruth.martin3685@example.com,5,Corporate,2023-12-14
383,Andrew,Hall,andrew.hall8012@example.com,6,Consumer,2023-02-21
384,Sharon,Jackson,sharon.jackson1997@example.com,10,Corporate,2022-02-16
385,Gary,Evans,gary.evans5655@example.com,3,Consumer,2021-08-12
386,William,Thompson,william.thompson7248@example.com,11,Consumer,2022-09-08
387,Melissa,Gonzalez,melissa.gonzalez8825@example.com,5,Enterprise,2023-11-26
388,George,Rodriguez,george.rodriguez1790@example.com,10,Corporate,2021-05-05
389,Laura,Brown,laura.brown8701@example.com,4,Corporate,2020-04-17
390,Richard,Clark,richard.clark5412@example.com,12,Consumer,2023-10-27
391,Nancy,Smith,nancy.smith9017@example.com,3,Consumer,2025-03-29
392,Larry,Walker,larry.walker3268@example.com,5,Consumer,2023-08-15
393,Susan,Roberts,susan.roberts1466@example.com,11,Corporate,2022-12-31
394,John,Lopez,john.lopez6847@example.com,3,Enterprise,2020-03-15
395,Gary,Gomez,gary.gomez8117@example.com,3,Enterprise,2025-05-24
396,Cynthia,Williams,cynthia.williams152@example.com,5,Corporate,2020-08-07
397,Jason,Jackson,jason.jackson7445@example.com,11,Corporate,2022-10-08
398,Nancy,Diaz,nancy.diaz8262@example.com,8,Consumer,2024-07-14
399,Joseph,Perez,joseph.perez2663@example.com,12,Consumer,2021-06-10
400,Olivia,Smith,olivia.smith5524@example.com,5,Corporate,2024-03-30
401,Mark,Lopez,mark.lopez6644@example.com,7,Corporate,2020-06-26
402,Katherine,Nelson,katherine.nelson1563@example.com,3,Enterprise,2022-09-04
403,Amy,Thomas,amy.thomas112@example.com,5,Consumer,2022-07-03
404,George,Perez,george.perez4948@example.com,10,Corporate,2020-01-24
405,Rebecca,Adams,rebecca.adams5891@example.com,12,Consumer,2023-09-29
406,Lisa,Robinson,lisa.robinson5027@example.com,3,Consumer,2022-10-26
407,Kathleen,Hall,kathleen.hall1924@example.com,11,Enterprise,2021-08-27
408,Anna,Flores,anna.flores3619@example.com,4,Enterprise,2022-09-06
409,Betty,Robinson,betty.robinson9925@example.com,6,Consumer,2023-01-29
410,Larry,Carter,larry.carter8807@example.com,11,Corporate,2024-04-09
411,Laura,Baker,laura.baker9762@example.com,2,Corporate,2022-12-17
412,Ryan,Jones,ryan.jones9244@example.com,2,Consumer,2023-01-26
413,Scott,Gonzalez,scott.gonzalez9384@example.com,9,Consumer,2021-11-02
414,Brandon,Lewis,brandon.lewis1905@example.com,11,Consumer,2023-04-09
415,Justin,Garcia,justin.garcia8362@example.com,8,Corporate,2022-07-17
416,Thomas,Allen,thomas.allen6807@example.com,8,Corporate,2023-02-18
417,Carolyn,Baker,carolyn.baker5050@example.com,12,Consumer,2021-06-05
418,James,Mitchell,james.mitchell3571@example.com,10,Consumer,2022-05-17
419,Jeffrey,Hall,jeffrey.hall1045@example.com,9,Enterprise,2025-03-29
420,David,Walker,david.walker520@example.com,5,Consumer,2024-04-23
421,Nancy,Roberts,nancy.roberts6888@example.com,6,Enterprise,2022-02-22
422,Rachel,Harris,rachel.harris6155@example.com,2,Corporate,2023-09-17
423,Diane,Rodriguez,diane.rodriguez5698@example.com,2,Consumer,2023-01-05
424,Gary,King,gary.king2087@example.com,12,Enterprise,2024-09-05
425,James,Carter,james.carter373@example.com,5,Consumer,2024-01-12
426,Diane,Ramirez,diane.ramirez8716@example.com,7,Corporate,2021-05-21
427,Stephen,Thompson,stephen.thompson2542@example.com,5,Consumer,2024-11-27
428,Joseph,Williams,joseph.williams6869@example.com,10,Corporate,2024-12-14
429,Robert,Thomas,robert.thomas3377@example.com,2,Consumer,2020-03-09
430,Rachel,Hill,rachel.hill798@example.com,4,Corporate,2022-04-03
431,Jonathan,Anderson,jonathan.anderson8844@example.com,4,Corporate,2024-05-08
432,Susan,Rodriguez,susan.rodriguez8256@example.com,5,Consumer,2025-02-19
433,Timothy,Torres,timothy.torres9797@example.com,11,Corporate,2021-04-30
434,Ronald,Martinez,ronald.martinez8541@example.com,4,Consumer,2021-07-17
435,Susan,Scott,susan.scott9694@example.com,12,Enterprise,2023-07-06
436,Eric,Scott,eric.scott8121@example.com,1,Enterprise,2025-04-12
437,Jacob,Gomez,jacob.gomez8593@example.com,6,Corporate,2022-04-16
438,Betty,Martin,betty.martin6168@example.com,3,Corporate,2022-08-27
439,Kevin,Diaz,kevin.diaz3693@example.com,5,Enterprise,2020-10-22
440,Carolyn,Brown,carolyn.brown9215@example.com,7,Enterprise,2023-02-15
441,Heather,Rodriguez,heather.rodriguez6364@example.com,4,Consumer,2021-11-07
442,William,Lewis,william.lewis6080@example.com,2,Corporate,2024-08-25
443,Mark,Brown,mark.brown4399@example.com,7,Corporate,2023-05-19
444,Barbara,Jones,barbara.jones3083@example.com,10,Corporate,2023-02-18
445,Melissa,Walker,melissa.walker3423@example.com,6,Consumer,2025-02-04
446,Mary,Wilson,mary.wilson3114@example.com,12,Consumer,2024-03-24
447,Janet,Thomas,janet.thomas9903@example.com,12,Consumer,2025-02-17
448,Kevin,Scott,kevin.scott5270@example.com,5,Consumer,2022-12-28
449,Brenda,Martin,brenda.martin4286@example.com,6,Corporate,2022-10-15
450,Carolyn,Miller,carolyn.miller7693@example.com,6,Enterprise,2022-01-29
451,Timothy,Clark,timothy.clark750@example.com,10,Enterprise,2024-02-27
452,Daniel,Johnson,daniel.johnson4273@example.com,9,Enterprise,2023-04-01
453,Christine,Jackson,christine.jackson2498@example.com,4,Consumer,2022-02-16
454,Laura,Young,laura.young9022@example.com,11,Enterprise,2021-11-22
455,Brian,Carter,brian.carter8006@example.com,12,Corporate,2022-10-01
456,Stephen,Hernandez,stephen.hernandez5771@example.com,3,Consumer,2023-01-24
457,Justin,Lopez,justin.lopez8883@example.com,11,Enterprise,2022-12-09
458,John,Turner,john.turner1218@example.com,11,Consumer,2020-01-14
459,Nicholas,Rodriguez,nicholas.rodriguez3792@example.com,2,Corporate,2020-01-19
460,Melissa,Allen,melissa.allen7472@example.com,6,Consumer,2023-07-30
461,Janet,Nelson,janet.nelson7994@example.com,1,Consumer,2023-02-03
462,Nicholas,Smith,nicholas.smith275@example.com,9,Corporate,2023-01-02
463,Edward,Johnson,edward.johnson8229@example.com,12,Corporate,2024-07-09
464,Anthony,Miller,anthony.miller1579@example.com,9,Consumer,2021-01-28
465,Heather,Taylor,heather.taylor5808@example.com,5,Corporate,2020-06-10
466,Anna,Sanchez,anna.sanchez7521@example.com,10,Consumer,2023-11-28
467,Joshua,Martin,joshua.martin1321@example.com,11,Enterprise,2023-08-23
468,John,Garcia,john.garcia6641@example.com,7,Consumer,2022-09-01
469,Susan,Green,susan.green155@example.com,12,Consumer,2022-10-20
470,Deborah,Adams,deborah.adams5428@example.com,10,Enterprise,2020-07-14
471,Heather,Williams,heather.williams3765@example.com,4,Enterprise,2023-11-18
472,Larry,Moore,larry.moore763@example.com,2,Corporate,2021-07-28
473,Diane,Torres,diane.torres540@example.com,3,Enterprise,2021-10-06
474,Robert,Wilson,robert.wilson9618@example.com,3,Corporate,2023-12-30
475,Gary,Jones,gary.jones4904@example.com,3,Corporate,2023-03-06
476,Samantha,Baker,samantha.baker8857@example.com,6,Consumer,2024-02-23
477,Nancy,Gomez,nancy.gomez1285@example.com,9,Corporate,2021-12-09
478,Michael,Miller,michael.miller7162@example.com,4,Corporate,2021-11-28
479,Gary,Roberts,gary.roberts5348@example.com,1,Corporate,2024-05-23
480,Rachel,Young,rachel.young3738@example.com,6,Corporate,2022-02-07
481,Deborah,Lopez,deborah.lopez9599@example.com,11,Consumer,2024-04-30
482,Cynthia,Phillips,cynthia.phillips4038@example.com,12,Consumer,2021-07-02
483,Betty,Harris,betty.harris2528@example.com,12,Consumer,2022-01-08
484,Karen,Garcia,karen.garcia86@example.com,5,Consumer,2024-04-08
485,George,Miller,george.miller2171@example.com,2,Consumer,2022-07-08
486,Ruth,Scott,ruth.scott8396@example.com,7,Consumer,2020-07-02
487,Brenda,Scott,brenda.scott1525@example.com,10,Corporate,2021-10-26
488,Samantha,Smith,samantha.smith4782@example.com,7,Consumer,2020-06-22
489,Ruth,Thomas,ruth.thomas9371@example.com,9,Consumer,2022-02-18
490,Emily,Rodriguez,emily.rodriguez4406@example.com,5,Consumer,2020-10-25
491,David,Hernandez,david.hernandez7122@example.com,5,Consumer,2022-09-18
492,Jessica,White,jessica.white4124@example.com,4,Corporate,2022-10-12
493,Amanda,Robinson,amanda.robinson1753@example.com,3,Consumer,2025-04-27
494,Gary,Perez,gary.perez6225@example.com,6,Consumer,2022-05-31
495,Nancy,Martin,nancy.martin5254@example.com,10,Enterprise,2021-02-15
496,Janet,Lee,janet.lee2911@example.com,7,Enterprise,2021-08-19
497,Justin,Torres,justin.torres3972@example.com,6,Consumer,2024-07-30
498,Gary,White,gary.white1866@example.com,10,Consumer,2023-01-22
499,Olivia,Baker,olivia.baker9013@example.com,1,Enterprise,2022-08-03
500,Andrew,Lewis,andrew.lewis4774@example.com,12,Consumer,2024-10-02
501,Nicholas,Baker,nicholas.baker8181@example.com,3,Corporate,2021-05-10
502,Brian,Nelson,brian.nelson2526@example.com,12,Consumer,2022-02-11
503,Jessica,Lewis,jessica.lewis9797@example.com,8,Corporate,2022-12-30
504,Scott,Hall,scott.hall6854@example.com,9,Consumer,2022-01-06
505,Benjamin,Hill,benjamin.hill1393@example.com,2,Corporate,2023-09-08
506,Brenda,Hernandez,brenda.hernandez726@example.com,10,Enterprise,2023-10-19
507,Katherine,Carter,katherine.carter5433@example.com,7,Consumer,2020-07-20
508,Rebecca,Anderson,rebecca.anderson8367@example.com,12,Corporate,2023-04-03
509,Joshua,Lewis,joshua.lewis6130@example.com,7,Consumer,2023-10-23
510,Scott,Martinez,scott.martinez5652@example.com,1,Consumer,2021-08-28
511,Christine,Garcia,christine.garcia1902@example.com,12,Consumer,2021-09-30
512,Angela,Robinson,angela.robinson3390@example.com,9,Consumer,2022-09-02
513,Richard,Lewis,richard.lewis7413@example.com,6,Consumer,2020-04-01
514,Joseph,Johnson,joseph.johnson5621@example.com,11,Consumer,2024-06-26
515,Emily,Mitchell,emily.mitchell3997@example.com,9,Consumer,2020-11-23
516,Jason,Scott,jason.scott6986@example.com,8,Consumer,2022-04-09
517,Olivia,Lopez,olivia.lopez7081@example.com,7,Consumer,2023-06-11
518,Amanda,Lewis,amanda.lewis9703@example.com,7,Consumer,2023-12-14
519,Melissa,Wilson,melissa.wilson4561@example.com,12,Corporate,2020-05-08
520,Karen,Phillips,karen.phillips8797@example.com,3,Consumer,2021-02-07
521,Stephen,Davis,stephen.davis4299@example.com,11,Enterprise,2022-12-16
522,Timothy,Hill,timothy.hill6368@example.com,10,Consumer,2020-08-21
523,Jeffrey,Thompson,jeffrey.thompson7502@example.com,10,Consumer,2023-10-11
524,Ronald,Flores,ronald.flores9670@example.com,2,Corporate,2021-10-03
525,Lisa,Thomas,lisa.thomas5004@example.com,2,Consumer,2023-11-21
526,Daniel,Allen,daniel.allen6365@example.com,7,Corporate,2023-03-23
527,Samantha,Ramirez,samantha.ramirez3044@example.com,8,Corporate,2023-11-21
528,Anthony,Scott,anthony.scott2734@example.com,8,Consumer,2021-01-18
529,Timothy,Turner,timothy.turner7390@example.com,10,Consumer,2022-01-05
530,Mary,Young,mary.young2237@example.com,4,Corporate,2025-05-27
531,Ruth,Allen,ruth.allen8110@example.com,7,Corporate,2022-05-01
532,Jonathan,Young,jonathan.young2741@example.com,2,Corporate,2024-06-17
533,Joshua,Jackson,joshua.jackson536@example.com,5,Consumer,2021-08-14
534,Emily,Roberts,emily.roberts7493@example.com,10,Corporate,2024-04-17
535,Catherine,Scott,catherine.scott8370@example.com,2,Corporate,2021-07-02
536,Diane,Evans,diane.evans6011@example.com,9,Corporate,2020-03-26
537,Jonathan,Wright,jonathan.wright3581@example.com,7,Consumer,2024-08-26
538,Laura,Martin,laura.martin529@example.com,8,Consumer,2024-10-31
539,Sarah,Lewis,sarah.lewis1924@example.com,4,Consumer,2024-02-19
540,Jeffrey,Rivera,jeffrey.rivera9999@example.com,11,Consumer,2023-06-15
541,Nancy,Gomez,nancy.gomez3386@example.com,4,Corporate,2023-03-13
542,Jeffrey,Wright,jeffrey.wright4606@example.com,10,Corporate,2021-10-24
543,Cynthia,Jackson,cynthia.jackson9384@example.com,5,Enterprise,2022-11-19
544,Richard,Rodriguez,richard.rodriguez6744@example.com,1,Enterprise,2024-11-10
545,Thomas,Hall,thomas.hall2175@example.com,4,Consumer,2021-10-21
546,Laura,Carter,laura.carter6435@example.com,8,Consumer,2023-07-19
547,George,Green,george.green6787@example.com,7,Consumer,2023-07-21
548,Sarah,Sanchez,sarah.sanchez8448@example.com,12,Consumer,2025-04-01
549,Anna,Robinson,anna.robinson7997@example.com,6,Corporate,2024-11-14
550,Sarah,Campbell,sarah.campbell7512@example.com,11,Corporate,2022-01-03
551,David,Gomez,david.gomez8757@example.com,7,Consumer,2022-05-29
552,Melissa,Young,melissa.young4400@example.com,6,Corporate,2021-11-22
553,Samuel,Torres,samuel.torres2140@example.com,10,Enterprise,2024-06-02
554,Angela,Baker,angela.baker794@example.com,1,Consumer,2024-05-24
555,Stephen,Johnson,stephen.johnson2036@example.com,3,Consumer,2020-01-02
556,Eric,Gonzalez,eric.gonzalez2162@example.com,11,Consumer,2024-11-25
557,Sharon,Garcia,sharon.garcia5906@example.com,5,Consumer,2023-09-22
558,Emily,Brown,emily.brown6494@example.com,11,Consumer,2023-12-03
559,Stephanie,Ramirez,stephanie.ramirez1495@example.com,12,Consumer,2021-03-13
560,Janet,Jones,janet.jones2175@example.com,10,Consumer,2023-10-24
561,Jonathan,Smith,jonathan.smith133@example.com,12,Consumer,2020-09-03
562,Eric,Hall,eric.hall2166@example.com,8,Consumer,2022-02-23
563,Sarah,Campbell,sarah.campbell1679@example.com,2,Consumer,2024-12-09
564,Ronald,Rodriguez,ronald.rodriguez6271@example.com,3,Corporate,2023-10-18
565,Daniel,Jones,daniel.jones8692@example.com,10,Consumer,2023-08-24
566,Emily,Lewis,emily.lewis5754@example.com,12,Consumer,2024-03-12
567,Betty,Clark,betty.clark7249@example.com,4,Consumer,2020-07-24
568,Nancy,Carter,nancy.carter2018@example.com,10,Corporate,2021-12-20
569,Eric,Lee,eric.lee2291@example.com,4,Consumer,2020-06-21
570,Laura,Scott,laura.scott9847@example.com,10,Corporate,2021-08-06
571,Linda,Diaz,linda.diaz4943@example.com,4,Corporate,2022-11-09
572,Mark,Mitchell,mark.mitchell6419@example.com,5,Corporate,2024-05-24
573,Kevin,Young,kevin.young6323@example.com,2,Consumer,2023-07-30
574,Jessica,King,jessica.king198@example.com,6,Enterprise,2020-09-27
575,Samantha,Turner,samantha.turner9313@example.com,7,Consumer,2023-10-30
576,Anthony,Carter,anthony.carter7718@example.com,2,Consumer,2020-05-18
577,Mary,Taylor,mary.taylor3535@example.com,1,Enterprise,2025-04-26
578,Gary,Allen,gary.allen4694@example.com,11,Corporate,2024-04-20
579,Christine,Ramirez,christine.ramirez6591@example.com,2,Corporate,2023-01-06
580,Betty,Moore,betty.moore1370@example.com,5,Consumer,2025-03-01
581,Andrew,Phillips,andrew.phillips2546@example.com,9,Consumer,2023-04-16
582,David,Martin,david.martin7168@example.com,12,Enterprise,2021-05-03
583,Susan,Thomas,susan.thomas1413@example.com,7,Consumer,2023-06-07
584,Susan,Martin,susan.martin2878@example.com,2,Consumer,2020-10-08
585,Mary,Hernandez,mary.hernandez8134@example.com,6,Corporate,2024-05-22
586,Rebecca,Hernandez,rebecca.hernandez6093@example.com,3,Corporate,2024-11-23
587,George,Campbell,george.campbell1935@example.com,1,Consumer,2022-05-29
588,George,King,george.king1047@example.com,5,Corporate,2023-03-26
589,Jessica,Young,jessica.young7458@example.com,9,Consumer,2022-10-20
590,Emily,White,emily.white2578@example.com,5,Corporate,2025-01-05
591,Joseph,Anderson,joseph.anderson8337@example.com,1,Consumer,2024-11-02
592,Mary,Thomas,mary.thomas754@example.com,8,Consumer,2025-02-27
593,Betty,Lopez,betty.lopez580@example.com,9,Corporate,2024-01-02
594,Christine,Anderson,christine.anderson5273@example.com,4,Consumer,2024-01-15
595,Timothy,Moore,timothy.moore1277@example.com,10,Consumer,2022-10-25
596,Michael,Lopez,michael.lopez3657@example.com,9,Enterprise,2025-05-07
597,Katherine,Jones,katherine.jones7621@example.com,5,Corporate,2021-09-28
598,Amy,Garcia,amy.garcia9062@example.com,8,Consumer,2021-02-14
599,Cynthia,Torres,cynthia.torres4980@example.com,12,Corporate,2022-08-08
600,Anna,Nguyen,anna.nguyen8084@example.com,4,Corporate,2023-01-24
601,Laura,Martinez,laura.martinez105@example.com,7,Consumer,2023-01-14
602,Jeffrey,Green,jeffrey.green158@example.com,6,Consumer,2023-09-08
603,Jacob,Diaz,jacob.diaz5039@example.com,2,Consumer,2021-05-02
604,Christine,Young,christine.young982@example.com,3,Corporate,2020-07-09
605,Barbara,Anderson,barbara.anderson8516@example.com,7,Corporate,2022-02-01
606,Stephen,Mitchell,stephen.mitchell1392@example.com,10,Consumer,2020-09-30
607,Gary,Jones,gary.jones9698@example.com,10,Consumer,2023-09-18
608,Thomas,Thomas,thomas.thomas4779@example.com,5,Enterprise,2025-03-11
609,Gary,Hall,gary.hall5346@example.com,6,Consumer,2021-04-23
610,Jessica,Gonzalez,jessica.gonzalez2231@example.com,10,Consumer,2020-08-04
611,Emily,Lewis,emily.lewis7636@example.com,6,Consumer,2023-01-02
612,Brenda,Roberts,brenda.roberts3402@example.com,8,Consumer,2021-06-26
613,Lisa,Garcia,lisa.garcia2583@example.com,11,Consumer,2023-12-14
614,Barbara,Wilson,barbara.wilson5371@example.com,3,Consumer,2021-05-23
615,Brenda,Sanchez,brenda.sanchez8413@example.com,1,Corporate,2021-06-16
616,Anthony,Johnson,anthony.johnson6626@example.com,8,Corporate,2023-01-31
617,Laura,Miller,laura.miller7571@example.com,2,Corporate,2020-10-13
618,Lisa,Smith,lisa.smith1011@example.com,4,Consumer,2024-08-13
619,Katherine,White,katherine.white1377@example.com,10,Corporate,2025-02-21
620,Jessica,Johnson,jessica.johnson1057@example.com,4,Enterprise,2022-06-27
621,Thomas,Garcia,thomas.garcia5433@example.com,2,Consumer,2022-08-02
622,Michael,Hernandez,michael.hernandez9403@example.com,7,Corporate,2022-03-19
623,Catherine,Johnson,catherine.johnson6271@example.com,11,Consumer,2021-12-25
624,Melissa,Lopez,melissa.lopez4506@example.com,5,Consumer,2020-10-31
625,John,Flores,john.flores4027@example.com,11,Consumer,2022-04-23
626,Samuel,Walker,samuel.walker1000@example.com,2,Consumer,2020-10-08
627,Christine,Gonzalez,christine.gonzalez8615@example.com,4,Corporate,2024-06-30
628,Diane,Gomez,diane.gomez320@example.com,7,Corporate,2022-01-05
629,Janet,Wright,janet.wright7941@example.com,6,Enterprise,2022-10-25
630,Amy,Harris,amy.harris4431@example.com,3,Consumer,2023-05-07
631,Joshua,Johnson,joshua.johnson4603@example.com,1,Corporate,2022-08-24
632,Heather,Thompson,heather.thompson9569@example.com,4,Enterprise,2020-07-24
633,Laura,Nelson,laura.nelson3952@example.com,5,Corporate,2024-06-08
634,Susan,Carter,susan.carter3595@example.com,10,Corporate,2024-06-21
635,Samantha,Thompson,samantha.thompson2847@example.com,3,Consumer,2021-10-13
636,Brenda,Nguyen,brenda.nguyen463@example.com,12,Corporate,2025-04-24
637,Daniel,Torres,daniel.torres3085@example.com,8,Corporate,2020-12-25
638,Justin,Williams,justin.williams1479@example.com,1,Consumer,2021-03-24
639,Robert,King,robert.king7832@example.com,1,Consumer,2023-06-11
640,Amanda,Phillips,amanda.phillips2138@example.com,6,Corporate,2025-02-24
641,Amy,Brown,amy.brown360@example.com,3,Corporate,2025-02-21
642,Daniel,Roberts,daniel.roberts1818@example.com,9,Enterprise,2025-05-21
643,Jessica,White,jessica.white6482@example.com,10,Consumer,2021-09-10
644,Amy,Rodriguez,amy.rodriguez2581@example.com,12,Enterprise,2024-06-09
645,Justin,Adams,justin.adams5199@example.com,3,Corporate,2023-02-24
646,Brenda,Anderson,brenda.anderson9650@example.com,3,Consumer,2024-02-12
647,Cynthia,Rodriguez,cynthia.rodriguez2912@example.com,12,Consumer,2023-12-08
648,Gary,Diaz,gary.diaz9298@example.com,1,Consumer,2021-10-13
649,Joshua,Green,joshua.green9266@example.com,2,Enterprise,2020-10-15
650,Jason,Mitchell,jason.mitchell1275@example.com,4,Consumer,2021-10-16
651,Emily,Green,emily.green1454@example.com,12,Corporate,2024-02-02
652,Jason,Lewis,jason.lewis187@example.com,5,Consumer,2023-11-20
653,David,Thompson,david.thompson4206@example.com,2,Corporate,2020-04-08
654,Samantha,Lewis,samantha.lewis6876@example.com,3,Enterprise,2022-10-06
655,Jacob,Thompson,jacob.thompson8947@example.com,7,Consumer,2022-09-08
656,Joshua,Hernandez,joshua.hernandez7394@example.com,2,Corporate,2020-03-09
657,Cynthia,Johnson,cynthia.johnson5222@example.com,5,Enterprise,2020-05-31
658,Angela,Hernandez,angela.hernandez6152@example.com,3,Corporate,2023-01-25
659,Sarah,Perez,sarah.perez9733@example.com,10,Enterprise,2023-12-13
660,Linda,Ramirez,linda.ramirez2704@example.com,10,Enterprise,2020-11-17
661,Michael,Miller,michael.miller5425@example.com,4,Enterprise,2022-04-18
662,Samuel,Campbell,samuel.campbell8850@example.com,5,Corporate,2021-09-01
663,Kevin,Miller,kevin.miller814@example.com,7,Corporate,2024-09-16
664,Justin,Martinez,justin.martinez894@example.com,6,Consumer,2020-06-28
665,Cynthia,Evans,cynthia.evans9834@example.com,8,Consumer,2020-02-22
666,Andrew,Hernandez,andrew.hernandez4782@example.com,2,Consumer,2020-08-24
667,Kathleen,Gomez,kathleen.gomez6513@example.com,8,Consumer,2023-09-15
668,Rebecca,Garcia,rebecca.garcia8915@example.com,7,Consumer,2024-12-18
669,Jacob,White,jacob.white3057@example.com,8,Consumer,2022-06-19
670,Carolyn,Taylor,carolyn.taylor3707@example.com,5,Corporate,2020-11-05
671,Richard,Garcia,richard.garcia5633@example.com,9,Consumer,2024-03-29
672,Stephanie,Scott,stephanie.scott1000@example.com,7,Corporate,2022-05-07
673,Benjamin,Baker,benjamin.baker7780@example.com,10,Enterprise,2022-09-02
674,Ronald,Garcia,ronald.garcia6469@example.com,12,Consumer,2023-03-15
675,Brandon,Phillips,brandon.phillips9364@example.com,11,Enterprise,2020-10-28
676,Lisa,Carter,lisa.carter7358@example.com,3,Enterprise,2020-12-08
677,Melissa,Phillips,melissa.phillips3158@example.com,3,Consumer,2020-06-09
678,Deborah,Gonzalez,deborah.gonzalez2423@example.com,10,Consumer,2025-02-08
679,David,Garcia,david.garcia6359@example.com,9,Consumer,2021-10-29
680,Sharon,King,sharon.king7507@example.com,1,Corporate,2023-06-30
681,Brandon,Gomez,brandon.gomez6875@example.com,2,Consumer,2020-10-30
682,Richard,Miller,richard.miller9220@example.com,2,Corporate,2024-11-11
683,Benjamin,Thompson,benjamin.thompson6733@example.com,5,Consumer,2022-09-21
684,Larry,Williams,larry.williams2822@example.com,5,Consumer,2023-06-20
685,Katherine,Williams,katherine.williams6485@example.com,6,Corporate,2020-04-10
686,Larry,Moore,larry.moore6103@example.com,1,Consumer,2024-06-13
687,Ronald,Martin,ronald.martin4594@example.com,8,Enterprise,2023-11-03
688,Richard,Anderson,richard.anderson2202@example.com,5,Enterprise,2022-06-26
689,Amy,Moore,amy.moore6829@example.com,10,Corporate,2021-01-19
690,Jonathan,Wilson,jonathan.wilson6672@example.com,12,Consumer,2022-11-23
691,Anna,Evans,anna.evans921@example.com,9,Corporate,2020-05-14
692,Kathleen,Rivera,kathleen.rivera8304@example.com,7,Consumer,2024-10-09
693,Heather,Torres,heather.torres475@example.com,3,Consumer,2024-09-01
694,Amanda,Turner,amanda.turner945@example.com,4,Consumer,2020-04-13
695,Ryan,Rivera,ryan.rivera3263@example.com,5,Consumer,2022-08-08
696,Scott,Sanchez,scott.sanchez2030@example.com,11,Consumer,2022-02-01
697,Justin,Hill,justin.hill7309@example.com,3,Enterprise,2022-08-29
698,Samuel,Thompson,samuel.thompson5641@example.com,3,Corporate,2021-06-13
699,Sarah,Jackson,sarah.jackson450@example.com,7,Consumer,2024-10-14
700,Melissa,Diaz,melissa.diaz3627@example.com,11,Consumer,2021-02-27
701,George,Adams,george.adams6710@example.com,9,Consumer,2024-05-17
702,Mary,Walker,mary.walker2168@example.com,11,Consumer,2024-06-28
703,Mary,Anderson,mary.anderson4136@example.com,10,Corporate,2021-09-17
704,Sharon,Ramirez,sharon.ramirez6169@example.com,6,Consumer,2021-03-22
705,Carolyn,Martin,carolyn.martin8531@example.com,10,Consumer,2020-07-28
706,James,Allen,james.allen6132@example.com,9,Corporate,2023-06-01
707,Edward,Martin,edward.martin1772@example.com,8,Consumer,2021-07-20
708,Amy,Moore,amy.moore4279@example.com,11,Corporate,2025-01-01
709,Ronald,Gonzalez,ronald.gonzalez2457@example.com,9,Corporate,2025-01-16
710,Susan,Phillips,susan.phillips9831@example.com,7,Corporate,2023-10-26
711,Nancy,Campbell,nancy.campbell418@example.com,11,Consumer,2021-08-28
712,Rebecca,Clark,rebecca.clark6629@example.com,7,Corporate,2023-04-09
713,Mark,Perez,mark.perez3644@example.com,11,Corporate,2024-05-26
714,Larry,Nelson,larry.nelson5874@example.com,9,Consumer,2020-12-14
715,Ruth,Lopez,ruth.lopez4814@example.com,2,Consumer,2024-02-26
716,Rebecca,Campbell,rebecca.campbell9160@example.com,3,Enterprise,2025-01-16
717,Jason,Adams,jason.adams1464@example.com,4,Consumer,2024-03-04
718,Kathleen,Clark,kathleen.clark5429@example.com,6,Consumer,2021-08-25
719,Carolyn,Diaz,carolyn.diaz1930@example.com,8,Consumer,2023-07-23
720,Jessica,Walker,jessica.walker3188@example.com,9,Consumer,2023-10-26
721,Jacob,King,jacob.king4889@example.com,7,Consumer,2024-10-15
722,Betty,Rodriguez,betty.rodriguez3282@example.com,6,Consumer,2023-03-12
723,Stephen,Martinez,stephen.martinez5184@example.com,12,Consumer,2020-06-14
724,Justin,Perez,justin.perez2898@example.com,6,Corporate,2020-01-10
725,Rachel,Moore,rachel.moore3431@example.com,3,Corporate,2020-11-20
726,Justin,Gomez,justin.gomez1443@example.com,3,Corporate,2023-07-21
727,Eric,Sanchez,eric.sanchez7030@example.com,8,Consumer,2020-03-18
728,Benjamin,Gonzalez,benjamin.gonzalez6113@example.com,1,Enterprise,2024-03-30
729,Heather,Gonzalez,heather.gonzalez294@example.com,11,Consumer,2024-02-11
730,Laura,Anderson,laura.anderson5642@example.com,5,Consumer,2022-02-24
731,Scott,Nguyen,scott.nguyen5016@example.com,3,Consumer,2020-04-03
732,Ronald,Jackson,ronald.jackson7470@example.com,12,Corporate,2022-12-09
733,Angela,Ramirez,angela.ramirez2193@example.com,6,Enterprise,2022-09-30
734,Brenda,Carter,brenda.carter3088@example.com,3,Enterprise,2025-02-23
735,Katherine,Johnson,katherine.johnson3743@example.com,4,Corporate,2020-09-25
736,Melissa,Campbell,melissa.campbell360@example.com,10,Corporate,2020-09-09
737,Ryan,Rivera,ryan.rivera613@example.com,7,Enterprise,2021-06-07
738,Benjamin,Flores,benjamin.flores797@example.com,10,Enterprise,2023-09-17
739,Karen,Adams,karen.adams324@example.com,1,Corporate,2022-05-03
740,Jonathan,Harris,jonathan.harris2025@example.com,9,Consumer,2023-12-08
741,Betty,Wilson,betty.wilson153@example.com,5,Consumer,2020-07-25
742,Brandon,Moore,brandon.moore9923@example.com,12,Consumer,2024-08-28
743,Karen,Allen,karen.allen1929@example.com,5,Consumer,2020-08-05
744,Catherine,Gonzalez,catherine.gonzalez9978@example.com,4,Corporate,2024-08-29
745,Brandon,Gonzalez,brandon.gonzalez5865@example.com,12,Consumer,2020-11-24
746,Barbara,Scott,barbara.scott8133@example.com,4,Corporate,2022-09-11
747,Jason,Thomas,jason.thomas45@example.com,1,Corporate,2025-01-31
748,Joseph,Turner,joseph.turner9407@example.com,11,Consumer,2025-04-28
749,Sarah,Roberts,sarah.roberts8384@example.com,2,Corporate,2020-07-26
750,Brian,Adams,brian.adams3788@example.com,8,Enterprise,2021-08-29
751,Rebecca,Robinson,rebecca.robinson821@example.com,2,Corporate,2024-11-25
752,Barbara,Diaz,barbara.diaz4761@example.com,6,Corporate,2021-10-02
753,Eric,Mitchell,eric.mitchell1899@example.com,2,Enterprise,2024-12-28
754,Barbara,Smith,barbara.smith2268@example.com,11,Corporate,2021-11-04
755,Brenda,Lewis,brenda.lewis4396@example.com,12,Consumer,2024-07-27
756,Angela,Lopez,angela.lopez1866@example.com,7,Consumer,2022-07-23
757,George,Turner,george.turner6320@example.com,12,Enterprise,2024-06-26
758,Christine,Adams,christine.adams2733@example.com,2,Consumer,2024-01-27
759,Susan,Diaz,susan.diaz2612@example.com,2,Consumer,2023-04-24
760,Janet,Phillips,janet.phillips9322@example.com,11,Consumer,2023-06-05
761,Jacob,Roberts,jacob.roberts5876@example.com,10,Consumer,2023-11-02
762,Thomas,Walker,thomas.walker7998@example.com,2,Enterprise,2022-06-21
763,Barbara,Jones,barbara.jones4287@example.com,11,Consumer,2023-12-13
764,Heather,Roberts,heather.roberts9448@example.com,12,Corporate,2025-05-11
765,Angela,King,angela.king8571@example.com,12,Corporate,2020-07-14
766,Deborah,Nelson,deborah.nelson4073@example.com,8,Consumer,2023-10-17
767,Samantha,Martinez,samantha.martinez9148@example.com,10,Consumer,2023-08-10
768,Matthew,Allen,matthew.allen7689@example.com,8,Enterprise,2020-06-02
769,Justin,Lee,justin.lee3947@example.com,6,Enterprise,2020-04-13
770,Scott,Anderson,scott.anderson9020@example.com,11,Consumer,2024-07-31
771,Kevin,Garcia,kevin.garcia7522@example.com,8,Corporate,2022-07-06
772,Sarah,Diaz,sarah.diaz8167@example.com,8,Consumer,2022-10-15
773,Robert,Miller,robert.miller6610@example.com,7,Consumer,2023-01-29
774,James,Evans,james.evans1490@example.com,10,Enterprise,2023-07-29
775,Ronald,Allen,ronald.allen9214@example.com,4,Corporate,2022-07-23
776,Angela,White,angela.white890@example.com,4,Corporate,2021-11-10
777,Ruth,Roberts,ruth.roberts9830@example.com,8,Corporate,2022-01-14
778,Rachel,Davis,rachel.davis1597@example.com,11,Consumer,2021-11-30
779,Brenda,Turner,brenda.turner4784@example.com,9,Corporate,2023-12-08
780,Karen,Williams,karen.williams2690@example.com,8,Consumer,2024-01-08
781,Nicholas,Miller,nicholas.miller4167@example.com,10,Consumer,2020-09-04
782,Gary,Wilson,gary.wilson7489@example.com,4,Corporate,2020-08-08
783,Christine,Williams,christine.williams9648@example.com,2,Corporate,2022-07-11
784,Stephen,Nelson,stephen.nelson9656@example.com,9,Consumer,2022-10-18
785,James,King,james.king796@example.com,9,Enterprise,2024-09-13
786,Janet,Allen,janet.allen2904@example.com,12,Corporate,2024-02-05
787,Thomas,Miller,thomas.miller6348@example.com,11,Corporate,2024-12-12
788,Amy,Allen,amy.allen6303@example.com,7,Enterprise,2025-02-18
789,Laura,Moore,laura.moore6519@example.com,6,Enterprise,2022-07-16
790,Nancy,Rodriguez,nancy.rodriguez6763@example.com,10,Corporate,2024-03-12
791,Maria,Martin,maria.martin8976@example.com,6,Corporate,2025-03-30
792,Samuel,Green,samuel.green3561@example.com,4,Consumer,2024-01-03
793,Cynthia,Baker,cynthia.baker5658@example.com,11,Consumer,2023-12-25
794,Anthony,Allen,anthony.allen8889@example.com,12,Corporate,2023-12-25
795,Joseph,Carter,joseph.carter5772@example.com,9,Consumer,2023-03-14
796,Christine,Baker,christine.baker8748@example.com,5,Enterprise,2022-05-15
797,Mary,King,mary.king1745@example.com,1,Consumer,2020-04-18
798,Susan,Gonzalez,susan.gonzalez4375@example.com,3,Enterprise,2023-10-31
799,Brian,Martinez,brian.martinez1017@example.com,12,Corporate,2021-02-21
800,Diane,Williams,diane.williams5877@example.com,8,Consumer,2024-11-12
